id_actuador,fecha_medicion,tiempo_uso_acumulado_h,ciclos_activacion_M,numero_reparaciones,fallos_temporales,temp_operacional_promedio_C,temp_maxima_alcanzada_C,dias_ultima_calibracion,dias_ultimo_servicio,numero_logs_error
A1_Cadera_Derecha,2024-01-01,3454.85,31.03,0,10,59.96,71.37,232,308,82
A1_Cadera_Derecha,2024-01-02,3212.8,30.51,1,13,61.88,71.38,216,303,97
A1_Cadera_Derecha,2024-01-03,3535.08,31.78,2,13,61.3,66.93,281,318,95
A1_Cadera_Derecha,2024-01-04,3569.3,33.19,4,15,58.68,70.67,283,327,100
A1_Cadera_Derecha,2024-01-05,3048.81,26.78,2,13,60.89,71.91,274,291,92
A1_Cadera_Derecha,2024-01-06,3165.61,28.57,4,15,61.42,70.56,250,340,100
A1_Cadera_Derecha,2024-01-07,3423.01,30.17,3,14,59.56,67.56,274,321,97
A1_Cadera_Derecha,2024-01-08,3343.08,30.05,2,12,61.3,73.39,245,267,90
A1_Cadera_Derecha,2024-01-09,3396.98,31.72,3,13,58.67,69.84,249,265,100
A1_Cadera_Derecha,2024-01-10,3246.45,27.79,4,17,63.14,78.16,220,319,100
A1_Cadera_Derecha,2024-01-11,3558.29,32.78,3,14,63.0,74.3,253,313,100
A1_Cadera_Derecha,2024-01-12,3540.0,32.42,5,15,60.6,71.83,246,317,100
A1_Cadera_Derecha,2024-01-13,3411.89,30.42,4,16,61.58,71.76,216,319,100
A1_Cadera_Derecha,2024-01-14,3602.9,31.31,3,14,57.14,69.2,243,326,100
A1_Cadera_Derecha,2024-01-15,3484.15,31.75,1,10,59.15,70.84,243,346,83
A1_Cadera_Derecha,2024-01-16,3245.33,28.97,2,14,60.53,73.41,284,288,100
A1_Cadera_Derecha,2024-01-17,3466.38,31.75,2,14,59.28,68.79,264,287,99
A1_Cadera_Derecha,2024-01-18,3227.4,29.36,1,12,62.14,71.82,245,289,90
A1_Cadera_Derecha,2024-01-19,3558.12,33.95,1,13,64.2,73.79,250,328,91
A1_Cadera_Derecha,2024-01-20,3391.01,30.59,1,10,59.12,71.12,245,354,79
A1_Cadera_Derecha,2024-01-21,3366.72,29.58,1,12,59.66,73.01,240,307,84
A1_Cadera_Derecha,2024-01-22,3277.43,29.97,3,14,61.38,71.0,221,249,100
A1_Cadera_Derecha,2024-01-23,3620.06,33.13,2,13,63.58,73.27,241,272,95
A1_Cadera_Derecha,2024-01-24,3372.18,32.02,1,13,59.04,70.14,228,296,90
A1_Cadera_Derecha,2024-01-25,3322.9,31.04,3,16,61.4,71.43,217,304,100
A1_Cadera_Derecha,2024-01-26,3336.62,30.69,2,16,63.91,76.22,256,308,100
A1_Cadera_Derecha,2024-01-27,3495.82,33.24,1,13,58.36,64.58,253,321,93
A1_Cadera_Derecha,2024-01-28,3465.78,30.32,5,16,58.95,67.88,205,311,100
A1_Cadera_Derecha,2024-01-29,3474.29,30.94,3,14,60.32,69.34,242,349,100
A1_Cadera_Derecha,2024-01-30,3477.55,30.69,5,17,60.17,66.26,266,301,100
A1_Cadera_Derecha,2024-01-31,3785.5,34.02,2,13,62.3,70.97,268,295,97
A1_Cadera_Derecha,2024-02-01,3326.85,28.87,2,13,61.39,70.15,267,333,99
A1_Cadera_Derecha,2024-02-02,3307.8,30.71,3,15,58.16,68.28,245,277,100
A1_Cadera_Derecha,2024-02-03,3253.52,29.36,5,17,61.82,74.44,226,330,100
A1_Cadera_Derecha,2024-02-04,3510.88,30.45,5,15,60.08,70.11,221,322,100
A1_Cadera_Derecha,2024-02-05,3603.22,31.74,3,14,63.04,71.58,252,315,100
A1_Cadera_Derecha,2024-02-06,3379.49,31.04,2,14,60.0,70.39,253,364,100
A1_Cadera_Derecha,2024-02-07,3248.77,30.37,5,16,59.98,72.47,273,302,100
A1_Cadera_Derecha,2024-02-08,3251.59,31.56,4,16,61.87,70.51,269,365,100
A1_Cadera_Derecha,2024-02-09,3517.11,34.89,3,15,62.22,70.99,242,313,100
A1_Cadera_Derecha,2024-02-10,3533.79,32.54,5,16,61.72,73.28,217,284,100
A1_Cadera_Derecha,2024-02-11,3497.77,30.81,2,14,58.3,68.38,237,321,100
A1_Cadera_Derecha,2024-02-12,3280.21,27.69,2,14,61.86,73.59,249,289,100
A1_Cadera_Derecha,2024-02-13,3441.79,31.56,5,15,59.35,69.82,240,298,100
A1_Cadera_Derecha,2024-02-14,3421.0,30.29,2,15,61.38,73.21,232,331,100
A1_Cadera_Derecha,2024-02-15,3439.36,30.85,3,13,58.72,67.26,250,335,95
A1_Cadera_Derecha,2024-02-16,3556.86,31.72,5,14,61.71,72.19,233,302,100
A1_Cadera_Derecha,2024-02-17,3440.25,31.13,4,14,59.71,69.81,231,347,100
A1_Cadera_Derecha,2024-02-18,3522.2,33.09,2,11,58.95,67.14,251,352,90
A1_Cadera_Derecha,2024-02-19,3412.16,31.18,4,15,62.14,69.67,236,360,100
A1_Cadera_Derecha,2024-02-20,3452.04,31.22,3,14,61.39,73.19,250,334,100
A1_Cadera_Derecha,2024-02-21,3513.63,30.91,4,15,60.02,69.85,251,358,100
A1_Cadera_Derecha,2024-02-22,3137.71,26.85,3,15,63.32,71.88,219,267,100
A1_Cadera_Derecha,2024-02-23,3342.46,29.9,1,12,60.29,70.61,234,311,91
A1_Cadera_Derecha,2024-02-24,3315.33,30.09,1,13,61.05,73.69,276,295,92
A1_Cadera_Derecha,2024-02-25,3285.0,31.63,4,15,61.43,67.6,219,323,100
A1_Cadera_Derecha,2024-02-26,3350.47,30.59,0,11,60.01,67.66,198,303,82
A1_Cadera_Derecha,2024-02-27,3669.09,34.34,1,9,61.75,70.5,204,315,80
A1_Cadera_Derecha,2024-02-28,3244.15,28.99,3,14,60.15,73.42,245,365,100
A1_Cadera_Derecha,2024-02-29,3574.29,31.31,5,14,60.34,71.38,245,315,100
A1_Cadera_Derecha,2024-03-01,3097.08,27.19,1,12,63.18,75.14,242,331,89
A1_Cadera_Derecha,2024-03-02,3339.72,29.64,4,15,59.34,67.67,271,313,100
A1_Cadera_Derecha,2024-03-03,3429.3,33.3,2,14,57.14,65.51,186,322,91
A1_Cadera_Derecha,2024-03-04,3505.52,31.05,3,16,63.58,74.93,253,320,100
A1_Cadera_Derecha,2024-03-05,3528.02,32.91,1,13,65.08,75.69,279,332,91
A1_Cadera_Derecha,2024-03-06,3542.8,31.3,3,14,60.35,71.89,220,352,100
A1_Cadera_Derecha,2024-03-07,3337.23,31.27,4,15,57.9,68.04,236,365,100
A1_Cadera_Derecha,2024-03-08,3316.78,30.54,3,13,60.5,71.53,228,328,99
A1_Cadera_Derecha,2024-03-09,3554.44,32.16,4,15,60.54,71.34,225,336,100
A1_Cadera_Derecha,2024-03-10,3365.57,30.56,3,15,60.7,72.67,237,287,100
A1_Cadera_Derecha,2024-03-11,3170.38,28.17,1,11,59.22,71.25,276,317,87
A1_Cadera_Derecha,2024-03-12,3196.01,29.5,4,16,61.93,69.35,285,346,100
A1_Cadera_Derecha,2024-03-13,3234.5,28.95,3,15,61.84,68.07,237,344,100
A1_Cadera_Derecha,2024-03-14,3489.49,30.5,0,10,58.61,71.01,286,325,86
A1_Cadera_Derecha,2024-03-15,3425.64,29.86,2,15,62.12,74.88,245,344,93
A1_Cadera_Derecha,2024-03-16,3524.29,32.21,5,17,64.28,72.85,283,333,100
A1_Cadera_Derecha,2024-03-17,3323.09,31.79,4,15,61.28,68.24,242,353,100
A1_Cadera_Derecha,2024-03-18,3428.54,31.33,5,15,60.46,71.15,247,328,100
A1_Cadera_Derecha,2024-03-19,3512.61,31.81,2,12,60.77,73.04,253,310,95
A1_Cadera_Derecha,2024-03-20,3344.32,30.69,2,13,61.98,75.9,314,329,97
A1_Cadera_Derecha,2024-03-21,3482.22,32.96,2,13,58.23,69.71,263,237,94
A1_Cadera_Derecha,2024-03-22,3280.85,30.05,2,12,61.26,71.06,229,330,96
A1_Cadera_Derecha,2024-03-23,3334.65,29.9,3,14,60.38,69.18,266,217,100
A1_Cadera_Derecha,2024-03-24,3331.29,31.39,2,12,63.96,74.48,237,271,93
A1_Cadera_Derecha,2024-03-25,3184.75,29.38,5,16,60.72,70.65,234,332,100
A1_Cadera_Derecha,2024-03-26,3487.66,33.24,1,12,63.67,72.24,264,333,90
A1_Cadera_Derecha,2024-03-27,3315.51,30.32,2,16,59.23,73.63,245,287,100
A1_Cadera_Derecha,2024-03-28,3402.25,29.71,5,15,61.94,75.83,251,300,100
A1_Cadera_Derecha,2024-03-29,3486.53,30.33,2,15,61.51,74.17,245,358,100
A1_Cadera_Derecha,2024-03-30,3480.38,33.29,3,14,59.61,68.36,252,306,100
A1_Cadera_Derecha,2024-03-31,3519.77,33.72,2,14,61.28,73.41,254,365,100
A1_Cadera_Derecha,2024-04-01,3382.27,30.57,2,14,62.94,74.66,202,319,90
A1_Cadera_Derecha,2024-04-02,3323.81,29.83,2,14,60.48,71.82,259,331,94
A1_Cadera_Derecha,2024-04-03,3385.65,32.24,5,16,58.29,71.17,223,365,100
A1_Cadera_Derecha,2024-04-04,3096.28,27.04,1,14,60.97,72.68,213,323,94
A1_Cadera_Derecha,2024-04-05,3139.52,27.65,5,16,59.56,71.46,243,291,100
A1_Cadera_Derecha,2024-04-06,3161.91,29.39,5,18,60.45,72.16,246,316,100
A1_Cadera_Derecha,2024-04-07,3220.5,28.88,2,12,60.87,72.02,229,319,89
A1_Cadera_Derecha,2024-04-08,3471.96,31.56,3,13,58.27,65.38,263,281,96
A1_Cadera_Derecha,2024-04-09,3237.01,29.26,1,10,58.41,69.07,215,312,92
A2_Rodilla_Derecha,2024-01-01,2824.31,26.34,0,6,55.63,65.91,184,168,40
A2_Rodilla_Derecha,2024-01-02,2425.89,22.7,5,13,54.42,62.99,188,283,79
A2_Rodilla_Derecha,2024-01-03,2434.56,22.73,5,12,56.35,67.09,174,164,74
A2_Rodilla_Derecha,2024-01-04,2293.14,22.38,2,9,60.16,69.55,199,232,56
A2_Rodilla_Derecha,2024-01-05,2156.54,21.05,1,6,52.66,62.15,205,278,44
A2_Rodilla_Derecha,2024-01-06,2478.96,22.16,0,7,56.02,67.67,195,241,43
A2_Rodilla_Derecha,2024-01-07,2320.39,21.47,0,6,54.28,62.24,179,208,42
A2_Rodilla_Derecha,2024-01-08,2484.73,21.96,3,10,56.42,68.91,138,219,64
A2_Rodilla_Derecha,2024-01-09,2211.96,20.13,0,5,55.57,63.42,201,278,37
A2_Rodilla_Derecha,2024-01-10,2362.84,20.88,0,6,56.72,65.96,211,196,37
A2_Rodilla_Derecha,2024-01-11,2526.75,24.59,1,8,57.38,71.53,199,281,49
A2_Rodilla_Derecha,2024-01-12,2565.92,23.69,1,6,55.81,68.45,165,248,43
A2_Rodilla_Derecha,2024-01-13,2575.14,23.19,3,8,57.31,68.0,199,216,57
A2_Rodilla_Derecha,2024-01-14,2262.31,21.76,0,6,51.75,60.46,203,233,47
A2_Rodilla_Derecha,2024-01-15,2653.84,21.96,0,3,58.04,67.54,219,221,30
A2_Rodilla_Derecha,2024-01-16,2355.96,19.4,0,6,56.1,66.74,165,274,41
A2_Rodilla_Derecha,2024-01-17,2613.91,24.56,3,9,57.22,67.8,180,270,63
A2_Rodilla_Derecha,2024-01-18,2498.09,22.77,0,7,53.55,63.88,201,201,43
A2_Rodilla_Derecha,2024-01-19,2252.25,20.73,4,10,54.17,64.61,186,238,73
A2_Rodilla_Derecha,2024-01-20,2443.08,20.88,0,7,55.73,65.83,160,225,41
A2_Rodilla_Derecha,2024-01-21,2565.77,23.3,1,6,55.47,63.23,194,286,45
A2_Rodilla_Derecha,2024-01-22,2610.33,25.73,3,10,55.95,65.47,197,212,59
A2_Rodilla_Derecha,2024-01-23,2474.62,23.32,0,7,57.24,69.47,186,294,41
A2_Rodilla_Derecha,2024-01-24,2775.72,25.4,2,7,52.68,60.58,189,249,51
A2_Rodilla_Derecha,2024-01-25,2681.35,23.94,1,9,57.06,67.2,179,217,55
A2_Rodilla_Derecha,2024-01-26,2453.8,21.91,1,6,55.51,64.46,217,231,44
A2_Rodilla_Derecha,2024-01-27,2635.02,21.83,1,8,55.17,65.89,165,227,53
A2_Rodilla_Derecha,2024-01-28,2848.08,26.15,0,7,53.15,62.91,172,214,42
A2_Rodilla_Derecha,2024-01-29,2852.89,26.78,2,10,56.3,69.61,185,252,57
A2_Rodilla_Derecha,2024-01-30,2278.96,19.14,3,11,51.64,63.1,204,215,74
A2_Rodilla_Derecha,2024-01-31,2333.22,20.55,1,6,56.54,64.55,152,188,45
A2_Rodilla_Derecha,2024-02-01,2767.29,24.0,1,5,53.11,64.89,156,239,38
A2_Rodilla_Derecha,2024-02-02,2309.51,20.03,1,6,55.59,64.61,140,199,41
A2_Rodilla_Derecha,2024-02-03,2261.94,20.62,3,10,55.31,64.71,185,228,59
A2_Rodilla_Derecha,2024-02-04,2412.49,19.85,0,7,57.37,68.47,160,224,46
A2_Rodilla_Derecha,2024-02-05,2575.64,24.03,3,9,55.21,64.78,176,225,58
A2_Rodilla_Derecha,2024-02-06,2481.57,23.31,3,8,54.39,66.59,199,306,57
A2_Rodilla_Derecha,2024-02-07,2382.9,21.41,3,10,54.69,63.72,170,251,62
A2_Rodilla_Derecha,2024-02-08,2378.64,19.14,2,7,57.54,66.86,190,256,52
A2_Rodilla_Derecha,2024-02-09,2371.78,20.57,2,10,56.36,65.61,178,200,55
A2_Rodilla_Derecha,2024-02-10,2341.69,22.52,1,10,54.88,64.31,199,231,51
A2_Rodilla_Derecha,2024-02-11,2910.69,23.68,0,7,55.12,67.71,195,256,43
A2_Rodilla_Derecha,2024-02-12,2553.55,22.87,3,10,52.99,64.69,169,221,64
A2_Rodilla_Derecha,2024-02-13,2659.62,23.0,0,6,56.12,69.87,181,275,41
A2_Rodilla_Derecha,2024-02-14,2411.97,22.73,1,5,52.68,67.49,207,216,38
A2_Rodilla_Derecha,2024-02-15,2466.53,21.75,0,5,56.7,65.24,193,241,39
A2_Rodilla_Derecha,2024-02-16,2371.56,21.96,1,6,55.71,66.34,154,233,41
A2_Rodilla_Derecha,2024-02-17,2022.69,18.95,3,8,59.32,67.58,199,254,54
A2_Rodilla_Derecha,2024-02-18,2251.96,22.31,1,9,53.74,62.76,161,232,49
A2_Rodilla_Derecha,2024-02-19,2174.09,19.56,0,6,55.34,64.64,216,242,44
A2_Rodilla_Derecha,2024-02-20,2095.04,19.42,1,8,58.38,66.87,207,243,51
A2_Rodilla_Derecha,2024-02-21,2284.84,19.29,0,6,57.41,65.91,191,229,42
A2_Rodilla_Derecha,2024-02-22,2738.49,26.09,2,8,54.39,64.61,188,263,57
A2_Rodilla_Derecha,2024-02-23,2492.0,21.89,4,11,55.86,64.05,180,256,78
A2_Rodilla_Derecha,2024-02-24,2732.3,24.28,1,7,55.5,67.6,199,247,40
A2_Rodilla_Derecha,2024-02-25,2573.98,23.38,1,8,55.95,64.71,176,237,46
A2_Rodilla_Derecha,2024-02-26,2640.86,22.44,1,8,54.38,70.22,190,272,47
A2_Rodilla_Derecha,2024-02-27,2337.84,21.48,1,7,55.36,65.0,204,243,43
A2_Rodilla_Derecha,2024-02-28,2594.31,24.55,1,5,52.94,63.58,172,241,37
A2_Rodilla_Derecha,2024-02-29,2631.17,24.21,0,4,55.72,63.76,171,252,33
A2_Rodilla_Derecha,2024-03-01,2396.2,20.19,1,7,56.22,69.96,158,297,42
A2_Rodilla_Derecha,2024-03-02,2600.72,23.52,1,8,55.14,67.76,161,212,50
A2_Rodilla_Derecha,2024-03-03,2601.91,24.4,4,9,52.92,63.98,144,271,63
A2_Rodilla_Derecha,2024-03-04,2401.08,19.95,5,12,57.08,65.02,201,196,76
A2_Rodilla_Derecha,2024-03-05,2297.9,19.82,0,6,56.08,66.98,224,256,42
A2_Rodilla_Derecha,2024-03-06,2286.86,21.67,0,3,54.34,62.71,216,294,33
A2_Rodilla_Derecha,2024-03-07,2515.57,23.14,2,8,55.05,68.33,149,263,51
A2_Rodilla_Derecha,2024-03-08,2558.86,23.67,3,10,53.1,65.14,200,254,69
A2_Rodilla_Derecha,2024-03-09,2357.35,23.29,1,8,53.86,64.54,216,234,50
A2_Rodilla_Derecha,2024-03-10,2504.79,23.24,5,10,54.64,60.51,174,250,63
A2_Rodilla_Derecha,2024-03-11,2602.7,24.32,1,7,57.47,66.1,187,242,43
A2_Rodilla_Derecha,2024-03-12,2611.27,26.45,2,10,54.48,66.28,140,227,52
A2_Rodilla_Derecha,2024-03-13,2779.34,25.05,1,9,56.52,69.33,190,241,52
A2_Rodilla_Derecha,2024-03-14,2729.86,24.02,0,6,54.64,67.25,161,255,39
A2_Rodilla_Derecha,2024-03-15,2319.77,21.52,0,5,55.9,63.37,189,228,35
A2_Rodilla_Derecha,2024-03-16,2803.05,25.92,4,10,55.27,66.35,150,227,72
A2_Rodilla_Derecha,2024-03-17,2404.42,21.33,0,7,56.9,69.33,196,211,44
A2_Rodilla_Derecha,2024-03-18,2688.08,23.4,2,8,54.64,61.99,207,260,55
A2_Rodilla_Derecha,2024-03-19,2512.24,25.15,0,7,52.98,63.47,167,265,39
A2_Rodilla_Derecha,2024-03-20,2425.81,22.38,2,8,53.29,64.31,159,256,49
A2_Rodilla_Derecha,2024-03-21,2174.61,19.04,2,9,54.65,64.58,137,277,56
A2_Rodilla_Derecha,2024-03-22,2469.12,23.36,1,7,53.5,60.48,179,252,47
A2_Rodilla_Derecha,2024-03-23,2219.31,20.07,1,8,56.16,66.04,172,260,43
A2_Rodilla_Derecha,2024-03-24,2674.11,24.06,3,10,54.75,64.63,150,258,61
A2_Rodilla_Derecha,2024-03-25,2773.02,25.77,0,6,59.3,69.52,194,247,40
A2_Rodilla_Derecha,2024-03-26,2356.56,20.13,2,6,52.72,62.15,175,235,46
A2_Rodilla_Derecha,2024-03-27,2554.35,23.57,1,9,55.83,65.48,161,311,49
A2_Rodilla_Derecha,2024-03-28,2369.43,23.45,1,7,53.7,64.12,172,237,44
A2_Rodilla_Derecha,2024-03-29,2386.87,22.17,2,6,54.71,66.05,208,231,46
A2_Rodilla_Derecha,2024-03-30,2639.41,23.62,0,5,55.73,65.65,198,262,37
A2_Rodilla_Derecha,2024-03-31,2493.06,22.16,0,7,51.78,61.5,182,257,45
A2_Rodilla_Derecha,2024-04-01,2813.14,25.16,1,7,55.88,66.55,198,210,50
A2_Rodilla_Derecha,2024-04-02,2413.2,21.68,4,10,58.54,65.39,159,281,64
A2_Rodilla_Derecha,2024-04-03,2679.88,23.98,2,10,54.77,66.18,185,247,57
A2_Rodilla_Derecha,2024-04-04,2517.53,23.8,2,7,55.92,66.41,188,218,51
A2_Rodilla_Derecha,2024-04-05,2643.24,22.3,1,7,57.14,67.72,174,283,48
A2_Rodilla_Derecha,2024-04-06,2419.51,22.86,0,7,55.24,67.56,194,267,41
A2_Rodilla_Derecha,2024-04-07,2491.08,22.27,1,7,54.57,61.36,167,214,49
A2_Rodilla_Derecha,2024-04-08,2479.21,22.92,3,9,51.86,58.61,196,299,62
A2_Rodilla_Derecha,2024-04-09,2349.51,20.23,1,9,56.53,67.55,197,268,56
A3_Tobillo_Derecha,2024-01-01,1020.1,9.33,0,0,45.16,54.35,58,26,0
A3_Tobillo_Derecha,2024-01-02,544.05,5.44,0,1,48.35,57.55,83,78,11
A3_Tobillo_Derecha,2024-01-03,702.5,6.75,0,0,45.16,58.58,16,88,4
A3_Tobillo_Derecha,2024-01-04,702.03,6.09,0,0,42.62,53.52,58,41,0
A3_Tobillo_Derecha,2024-01-05,682.35,6.61,0,0,48.53,57.98,42,70,2
A3_Tobillo_Derecha,2024-01-06,583.13,7.54,0,2,46.59,56.8,46,66,9
A3_Tobillo_Derecha,2024-01-07,432.6,3.66,0,2,45.39,58.46,35,121,11
A3_Tobillo_Derecha,2024-01-08,716.68,6.93,0,1,44.91,58.19,51,123,1
A3_Tobillo_Derecha,2024-01-09,561.7,6.36,0,0,47.23,56.18,95,23,0
A3_Tobillo_Derecha,2024-01-10,715.48,7.64,0,0,44.63,55.05,27,139,4
A3_Tobillo_Derecha,2024-01-11,557.07,5.08,0,0,47.34,58.01,29,44,3
A3_Tobillo_Derecha,2024-01-12,502.06,2.18,0,1,46.37,54.99,26,97,8
A3_Tobillo_Derecha,2024-01-13,742.17,7.26,0,2,45.89,56.29,93,97,4
A3_Tobillo_Derecha,2024-01-14,727.17,4.39,0,2,45.73,56.24,44,42,10
A3_Tobillo_Derecha,2024-01-15,804.27,8.78,1,1,45.22,57.89,54,83,13
A3_Tobillo_Derecha,2024-01-16,1093.46,10.11,0,0,47.17,59.97,46,66,5
A3_Tobillo_Derecha,2024-01-17,749.91,7.82,0,0,44.12,53.99,34,85,3
A3_Tobillo_Derecha,2024-01-18,787.31,6.26,0,2,42.9,53.0,49,76,8
A3_Tobillo_Derecha,2024-01-19,506.04,3.05,0,0,46.48,58.25,109,103,0
A3_Tobillo_Derecha,2024-01-20,468.36,4.52,0,0,46.51,55.9,85,72,3
A3_Tobillo_Derecha,2024-01-21,984.91,8.92,0,3,46.27,57.89,36,65,16
A3_Tobillo_Derecha,2024-01-22,533.77,4.36,0,2,46.15,56.49,69,100,8
A3_Tobillo_Derecha,2024-01-23,512.09,4.74,0,0,44.99,53.65,36,86,0
A3_Tobillo_Derecha,2024-01-24,692.96,9.07,0,0,46.76,55.44,15,90,1
A3_Tobillo_Derecha,2024-01-25,683.77,7.05,1,2,45.43,58.68,77,51,13
A3_Tobillo_Derecha,2024-01-26,537.55,5.94,0,1,44.72,54.92,80,40,5
A3_Tobillo_Derecha,2024-01-27,645.1,6.71,1,4,45.0,58.62,78,54,19
A3_Tobillo_Derecha,2024-01-28,921.29,9.85,0,1,48.73,58.26,44,52,8
A3_Tobillo_Derecha,2024-01-29,554.92,4.85,0,1,42.72,53.78,51,92,9
A3_Tobillo_Derecha,2024-01-30,449.14,2.03,0,3,46.3,61.35,71,97,16
A3_Tobillo_Derecha,2024-01-31,869.67,7.72,0,0,42.81,51.3,63,65,6
A3_Tobillo_Derecha,2024-02-01,788.61,7.98,0,1,45.33,52.22,46,110,3
A3_Tobillo_Derecha,2024-02-02,588.31,4.38,0,0,44.81,57.75,19,108,0
A3_Tobillo_Derecha,2024-02-03,415.21,3.6,0,0,42.16,51.09,57,76,3
A3_Tobillo_Derecha,2024-02-04,565.97,4.45,1,0,46.12,56.58,78,46,5
A3_Tobillo_Derecha,2024-02-05,690.15,7.78,0,0,44.89,54.28,28,114,0
A3_Tobillo_Derecha,2024-02-06,909.82,9.02,0,1,42.14,53.15,69,68,4
A3_Tobillo_Derecha,2024-02-07,513.42,5.32,1,2,46.84,55.54,62,73,11
A3_Tobillo_Derecha,2024-02-08,684.79,6.85,0,1,47.8,57.95,71,60,4
A3_Tobillo_Derecha,2024-02-09,821.53,7.43,0,3,47.88,59.24,74,45,10
A3_Tobillo_Derecha,2024-02-10,271.37,2.66,0,0,46.07,54.66,39,28,7
A3_Tobillo_Derecha,2024-02-11,886.08,6.87,0,0,45.57,54.74,19,87,4
A3_Tobillo_Derecha,2024-02-12,487.16,2.24,0,1,47.63,57.47,43,48,14
A3_Tobillo_Derecha,2024-02-13,759.76,7.06,0,0,48.19,55.98,74,155,4
A3_Tobillo_Derecha,2024-02-14,744.4,7.09,0,1,47.31,57.01,43,39,5
A3_Tobillo_Derecha,2024-02-15,895.23,9.35,0,0,43.99,54.72,39,34,3
A3_Tobillo_Derecha,2024-02-16,799.17,8.84,0,2,45.82,55.56,14,84,9
A3_Tobillo_Derecha,2024-02-17,272.09,4.04,0,0,46.2,56.19,93,112,4
A3_Tobillo_Derecha,2024-02-18,558.74,4.08,0,3,42.6,53.07,73,71,18
A3_Tobillo_Derecha,2024-02-19,724.88,6.24,0,0,46.25,55.51,71,86,0
A3_Tobillo_Derecha,2024-02-20,664.9,6.52,0,2,49.14,60.95,76,18,12
A3_Tobillo_Derecha,2024-02-21,785.97,9.68,0,1,46.52,59.75,67,51,7
A3_Tobillo_Derecha,2024-02-22,842.09,9.14,0,1,47.86,57.48,49,39,0
A3_Tobillo_Derecha,2024-02-23,809.52,8.48,0,0,45.79,57.21,51,16,6
A3_Tobillo_Derecha,2024-02-24,661.43,5.63,1,2,45.38,55.43,45,73,17
A3_Tobillo_Derecha,2024-02-25,367.66,2.46,1,2,46.11,57.3,112,7,9
A3_Tobillo_Derecha,2024-02-26,618.01,6.41,0,0,44.19,57.67,67,32,3
A3_Tobillo_Derecha,2024-02-27,774.95,5.94,0,0,43.96,55.42,44,54,0
A3_Tobillo_Derecha,2024-02-28,503.72,4.34,0,0,47.53,54.66,65,46,0
A3_Tobillo_Derecha,2024-02-29,813.63,7.28,0,4,47.7,59.06,32,81,18
A3_Tobillo_Derecha,2024-03-01,863.51,9.44,0,1,43.91,56.76,88,78,4
A3_Tobillo_Derecha,2024-03-02,722.84,6.22,0,3,47.05,57.13,40,95,8
A3_Tobillo_Derecha,2024-03-03,148.52,0.8,1,2,45.36,57.75,66,91,13
A3_Tobillo_Derecha,2024-03-04,469.94,4.78,0,1,46.04,55.23,78,101,4
A3_Tobillo_Derecha,2024-03-05,1039.51,8.75,0,0,46.24,53.91,63,69,1
A3_Tobillo_Derecha,2024-03-06,601.62,5.51,0,0,47.09,57.86,57,78,6
A3_Tobillo_Derecha,2024-03-07,342.85,3.03,0,0,45.63,52.8,55,84,0
A3_Tobillo_Derecha,2024-03-08,922.34,8.11,0,3,47.76,57.8,53,73,8
A3_Tobillo_Derecha,2024-03-09,702.4,7.18,0,1,46.0,58.94,42,58,6
A3_Tobillo_Derecha,2024-03-10,898.89,6.64,0,2,46.5,53.37,45,60,12
A3_Tobillo_Derecha,2024-03-11,749.85,6.3,0,1,44.17,52.24,87,47,10
A3_Tobillo_Derecha,2024-03-12,782.54,7.8,0,3,48.95,57.49,52,81,9
A3_Tobillo_Derecha,2024-03-13,765.34,6.34,0,1,46.25,56.63,37,67,9
A3_Tobillo_Derecha,2024-03-14,825.55,5.9,1,5,46.64,56.45,43,51,18
A3_Tobillo_Derecha,2024-03-15,1109.94,10.76,0,0,42.93,56.09,79,51,9
A3_Tobillo_Derecha,2024-03-16,874.78,9.08,0,0,44.18,56.5,69,36,0
A3_Tobillo_Derecha,2024-03-17,415.54,3.73,0,0,47.48,58.92,67,97,8
A3_Tobillo_Derecha,2024-03-18,780.4,5.13,0,3,45.96,56.74,49,72,9
A3_Tobillo_Derecha,2024-03-19,905.47,8.94,0,1,42.44,53.69,67,45,13
A3_Tobillo_Derecha,2024-03-20,916.49,6.67,1,1,47.16,56.02,40,92,11
A3_Tobillo_Derecha,2024-03-21,623.21,5.97,0,2,44.63,56.76,49,54,5
A3_Tobillo_Derecha,2024-03-22,909.69,7.38,0,1,47.76,56.15,76,30,4
A3_Tobillo_Derecha,2024-03-23,866.99,6.72,0,3,45.36,57.45,74,98,14
A3_Tobillo_Derecha,2024-03-24,1163.05,10.13,0,0,45.83,58.58,33,54,7
A3_Tobillo_Derecha,2024-03-25,565.0,4.95,0,1,47.39,58.29,36,58,6
A3_Tobillo_Derecha,2024-03-26,608.67,4.89,0,0,44.06,54.23,57,71,3
A3_Tobillo_Derecha,2024-03-27,644.9,6.45,0,0,43.91,55.17,92,101,6
A3_Tobillo_Derecha,2024-03-28,611.76,5.12,0,1,45.19,50.25,12,70,6
A3_Tobillo_Derecha,2024-03-29,539.8,5.89,0,0,46.82,57.9,61,36,0
A3_Tobillo_Derecha,2024-03-30,202.72,2.12,0,1,43.37,53.66,24,85,3
A3_Tobillo_Derecha,2024-03-31,621.75,4.95,0,3,42.83,53.23,41,56,12
A3_Tobillo_Derecha,2024-04-01,766.48,6.1,0,0,46.82,58.66,46,122,7
A3_Tobillo_Derecha,2024-04-02,611.22,3.91,0,0,44.54,54.89,45,69,8
A3_Tobillo_Derecha,2024-04-03,1048.37,9.82,0,0,44.87,53.21,43,7,6
A3_Tobillo_Derecha,2024-04-04,702.41,6.03,1,2,42.53,52.76,55,80,13
A3_Tobillo_Derecha,2024-04-05,932.39,6.1,0,0,44.41,55.04,43,124,6
A3_Tobillo_Derecha,2024-04-06,747.06,6.26,0,0,45.49,56.21,22,114,1
A3_Tobillo_Derecha,2024-04-07,848.75,6.81,0,2,46.99,57.8,72,121,8
A3_Tobillo_Derecha,2024-04-08,750.26,8.4,0,1,44.27,56.74,71,41,3
A3_Tobillo_Derecha,2024-04-09,946.38,6.9,0,0,48.15,56.59,73,95,0
A4_Cadera_Izquierda,2024-01-01,1310.04,13.34,0,3,45.79,55.97,101,136,15
A4_Cadera_Izquierda,2024-01-02,1283.39,11.75,1,1,48.79,61.91,91,118,14
A4_Cadera_Izquierda,2024-01-03,1373.78,10.83,0,1,51.3,64.99,60,152,8
A4_Cadera_Izquierda,2024-01-04,1348.3,10.41,1,4,50.18,62.04,95,145,19
A4_Cadera_Izquierda,2024-01-05,1293.68,12.02,3,6,44.97,53.2,70,132,32
A4_Cadera_Izquierda,2024-01-06,1350.19,11.68,0,2,50.27,61.71,56,145,11
A4_Cadera_Izquierda,2024-01-07,1242.32,10.38,0,3,49.5,61.61,98,141,13
A4_Cadera_Izquierda,2024-01-08,1324.32,11.98,0,2,45.53,57.41,105,107,8
A4_Cadera_Izquierda,2024-01-09,1119.29,10.79,1,2,47.51,59.51,106,82,18
A4_Cadera_Izquierda,2024-01-10,1316.55,10.52,0,1,49.75,60.94,107,131,12
A4_Cadera_Izquierda,2024-01-11,1370.32,12.01,0,0,48.88,59.24,52,135,14
A4_Cadera_Izquierda,2024-01-12,1129.46,11.78,0,0,45.91,55.25,65,150,6
A4_Cadera_Izquierda,2024-01-13,1259.33,10.37,0,2,48.98,55.87,138,93,15
A4_Cadera_Izquierda,2024-01-14,1137.75,11.21,0,0,44.58,55.73,71,94,9
A4_Cadera_Izquierda,2024-01-15,1155.23,10.02,1,3,47.64,58.5,108,132,19
A4_Cadera_Izquierda,2024-01-16,1047.51,10.07,2,3,49.82,61.38,79,118,26
A4_Cadera_Izquierda,2024-01-17,1477.84,14.53,1,3,48.03,55.99,96,67,23
A4_Cadera_Izquierda,2024-01-18,1441.82,13.85,0,1,47.2,58.93,81,130,12
A4_Cadera_Izquierda,2024-01-19,1346.74,13.15,0,4,49.42,63.83,107,68,18
A4_Cadera_Izquierda,2024-01-20,1605.0,13.44,0,2,49.56,60.21,98,93,12
A4_Cadera_Izquierda,2024-01-21,1215.94,12.17,3,7,50.1,60.48,85,157,34
A4_Cadera_Izquierda,2024-01-22,1795.72,15.47,0,1,49.4,60.49,71,171,8
A4_Cadera_Izquierda,2024-01-23,1209.04,11.25,1,3,49.73,64.09,100,85,18
A4_Cadera_Izquierda,2024-01-24,1295.93,12.04,0,0,49.17,57.73,68,110,4
A4_Cadera_Izquierda,2024-01-25,1178.4,11.2,0,1,48.42,59.31,104,121,12
A4_Cadera_Izquierda,2024-01-26,1317.02,12.31,0,1,48.14,57.12,152,169,15
A4_Cadera_Izquierda,2024-01-27,1400.41,11.89,0,1,47.62,57.08,124,106,8
A4_Cadera_Izquierda,2024-01-28,1229.5,9.83,0,0,46.06,56.47,110,106,9
A4_Cadera_Izquierda,2024-01-29,1569.81,15.14,0,0,46.47,59.53,93,163,4
A4_Cadera_Izquierda,2024-01-30,1293.05,11.94,0,0,47.55,61.47,52,109,7
A4_Cadera_Izquierda,2024-01-31,1298.69,12.96,0,1,48.39,59.74,65,140,8
A4_Cadera_Izquierda,2024-02-01,1086.38,9.83,0,3,50.31,60.09,123,78,18
A4_Cadera_Izquierda,2024-02-02,1325.33,10.64,0,0,47.93,63.17,77,115,6
A4_Cadera_Izquierda,2024-02-03,1225.88,12.11,1,1,49.61,59.29,79,73,18
A4_Cadera_Izquierda,2024-02-04,1140.52,10.0,1,5,49.73,59.14,91,90,25
A4_Cadera_Izquierda,2024-02-05,1110.23,10.44,0,0,47.63,54.76,71,143,6
A4_Cadera_Izquierda,2024-02-06,1730.92,15.09,1,4,48.95,62.1,68,118,19
A4_Cadera_Izquierda,2024-02-07,1202.57,12.58,0,3,47.61,59.95,93,111,17
A4_Cadera_Izquierda,2024-02-08,987.74,8.1,0,3,50.12,65.21,75,99,19
A4_Cadera_Izquierda,2024-02-09,1124.32,9.88,0,0,49.02,56.88,78,113,9
A4_Cadera_Izquierda,2024-02-10,1240.72,11.39,4,6,46.1,59.37,77,128,47
A4_Cadera_Izquierda,2024-02-11,1348.4,11.17,1,1,48.26,58.89,106,147,19
A4_Cadera_Izquierda,2024-02-12,1349.86,12.6,1,6,50.64,62.67,89,46,27
A4_Cadera_Izquierda,2024-02-13,1371.79,14.08,0,0,47.71,55.08,91,96,7
A4_Cadera_Izquierda,2024-02-14,1133.93,9.82,1,2,48.72,62.01,108,124,19
A4_Cadera_Izquierda,2024-02-15,1311.28,12.32,0,1,48.87,60.87,91,117,8
A4_Cadera_Izquierda,2024-02-16,1092.31,7.18,0,0,46.34,56.77,88,131,12
A4_Cadera_Izquierda,2024-02-17,1138.46,10.31,0,4,48.82,60.54,105,127,20
A4_Cadera_Izquierda,2024-02-18,1084.81,9.55,1,5,45.77,54.82,109,111,26
A4_Cadera_Izquierda,2024-02-19,1036.09,8.6,0,1,47.0,56.4,91,105,13
A4_Cadera_Izquierda,2024-02-20,1441.56,14.19,0,0,49.72,59.34,96,113,14
A4_Cadera_Izquierda,2024-02-21,1373.95,12.16,0,0,48.57,55.55,77,152,9
A4_Cadera_Izquierda,2024-02-22,1425.8,12.78,0,2,47.51,59.65,76,99,13
A4_Cadera_Izquierda,2024-02-23,1257.08,11.05,0,2,48.71,61.48,111,118,19
A4_Cadera_Izquierda,2024-02-24,1389.83,10.72,3,4,47.9,57.07,104,125,33
A4_Cadera_Izquierda,2024-02-25,932.97,7.35,0,2,48.02,59.18,105,163,13
A4_Cadera_Izquierda,2024-02-26,1405.36,13.74,1,3,49.05,59.05,101,111,20
A4_Cadera_Izquierda,2024-02-27,1281.88,9.54,0,2,46.84,57.96,96,146,14
A4_Cadera_Izquierda,2024-02-28,1362.88,11.62,1,2,48.06,57.37,110,154,18
A4_Cadera_Izquierda,2024-02-29,1318.4,11.59,1,1,47.5,56.32,115,118,10
A4_Cadera_Izquierda,2024-03-01,1072.33,11.49,0,2,45.46,57.96,115,114,8
A4_Cadera_Izquierda,2024-03-02,980.35,9.68,0,1,46.53,56.91,92,110,8
A4_Cadera_Izquierda,2024-03-03,1121.83,9.64,0,3,50.51,64.85,125,112,13
A4_Cadera_Izquierda,2024-03-04,1351.69,13.59,0,3,48.62,59.2,100,143,14
A4_Cadera_Izquierda,2024-03-05,1374.22,11.75,1,1,45.88,54.62,108,126,17
A4_Cadera_Izquierda,2024-03-06,1003.77,10.13,0,0,45.54,58.37,101,126,7
A4_Cadera_Izquierda,2024-03-07,1073.4,8.4,1,2,47.82,59.52,100,88,18
A4_Cadera_Izquierda,2024-03-08,1119.82,11.25,1,2,50.5,62.38,78,92,13
A4_Cadera_Izquierda,2024-03-09,1185.69,10.37,1,4,47.7,60.46,110,180,21
A4_Cadera_Izquierda,2024-03-10,1004.83,8.11,0,2,50.09,59.35,157,115,16
A4_Cadera_Izquierda,2024-03-11,994.03,8.82,0,3,48.56,58.82,86,98,18
A4_Cadera_Izquierda,2024-03-12,1102.07,10.3,1,3,48.75,58.93,96,160,18
A4_Cadera_Izquierda,2024-03-13,1265.53,11.01,0,1,45.86,53.91,85,127,11
A4_Cadera_Izquierda,2024-03-14,1037.49,9.99,0,3,49.5,59.5,84,136,24
A4_Cadera_Izquierda,2024-03-15,1229.16,10.59,1,4,47.46,60.5,128,116,23
A4_Cadera_Izquierda,2024-03-16,1440.54,13.72,0,2,49.38,60.33,80,111,11
A4_Cadera_Izquierda,2024-03-17,1015.68,9.68,4,7,46.7,54.64,84,115,41
A4_Cadera_Izquierda,2024-03-18,1212.84,10.96,1,3,48.28,55.83,60,81,20
A4_Cadera_Izquierda,2024-03-19,1434.46,12.6,0,2,48.56,62.23,78,117,13
A4_Cadera_Izquierda,2024-03-20,1174.71,10.83,0,1,47.75,58.08,57,128,11
A4_Cadera_Izquierda,2024-03-21,1146.74,10.98,1,4,48.65,57.92,108,171,18
A4_Cadera_Izquierda,2024-03-22,1459.43,15.33,1,4,47.57,57.55,156,122,20
A4_Cadera_Izquierda,2024-03-23,1194.88,11.8,0,1,46.96,54.65,86,54,10
A4_Cadera_Izquierda,2024-03-24,1448.81,14.15,0,4,50.57,63.77,58,117,19
A4_Cadera_Izquierda,2024-03-25,1327.21,15.15,0,0,49.68,59.43,114,196,6
A4_Cadera_Izquierda,2024-03-26,1188.29,11.32,0,2,46.78,59.88,79,144,13
A4_Cadera_Izquierda,2024-03-27,1336.34,12.63,0,2,48.91,59.51,123,97,14
A4_Cadera_Izquierda,2024-03-28,1307.68,12.59,1,2,46.81,60.03,88,136,20
A4_Cadera_Izquierda,2024-03-29,1433.76,12.03,0,4,46.1,57.09,81,99,19
A4_Cadera_Izquierda,2024-03-30,1151.3,10.02,0,2,49.65,61.78,91,82,15
A4_Cadera_Izquierda,2024-03-31,1257.42,10.92,0,1,45.27,57.14,111,110,9
A4_Cadera_Izquierda,2024-04-01,1238.93,11.91,0,2,49.48,61.17,89,122,16
A4_Cadera_Izquierda,2024-04-02,1376.75,12.34,1,0,47.6,58.76,84,67,13
A4_Cadera_Izquierda,2024-04-03,1065.47,9.82,0,1,47.66,57.72,90,87,14
A4_Cadera_Izquierda,2024-04-04,1433.06,14.12,0,3,48.66,62.79,67,120,19
A4_Cadera_Izquierda,2024-04-05,1333.94,12.99,0,1,48.93,57.71,103,108,13
A4_Cadera_Izquierda,2024-04-06,1012.95,9.05,0,1,46.68,57.19,55,131,10
A4_Cadera_Izquierda,2024-04-07,1467.49,12.67,1,4,49.15,59.68,85,85,24
A4_Cadera_Izquierda,2024-04-08,1652.14,16.15,1,4,48.18,59.45,111,139,26
A4_Cadera_Izquierda,2024-04-09,1430.33,13.78,0,2,45.99,55.67,101,86,11
A5_Rodilla_Izquierda,2024-01-01,2536.89,21.72,2,9,58.24,67.93,209,264,51
A5_Rodilla_Izquierda,2024-01-02,2682.66,24.16,1,6,55.0,64.24,165,263,49
A5_Rodilla_Izquierda,2024-01-03,2724.75,25.07,0,8,56.35,65.8,172,269,47
A5_Rodilla_Izquierda,2024-01-04,2501.66,21.6,1,8,57.73,71.38,221,198,48
A5_Rodilla_Izquierda,2024-01-05,2636.54,22.94,1,5,57.49,62.65,204,317,37
A5_Rodilla_Izquierda,2024-01-06,2633.08,23.84,1,7,55.94,64.54,177,260,44
A5_Rodilla_Izquierda,2024-01-07,2251.25,20.97,1,8,55.74,71.43,191,281,45
A5_Rodilla_Izquierda,2024-01-08,2610.47,24.79,1,8,53.42,65.04,188,226,52
A5_Rodilla_Izquierda,2024-01-09,2621.68,24.44,1,6,54.51,62.91,124,251,41
A5_Rodilla_Izquierda,2024-01-10,2621.15,23.9,3,11,56.71,67.13,165,246,68
A5_Rodilla_Izquierda,2024-01-11,2904.86,25.66,2,9,55.98,66.61,183,306,54
A5_Rodilla_Izquierda,2024-01-12,2431.16,21.03,3,8,56.32,68.43,177,248,53
A5_Rodilla_Izquierda,2024-01-13,2501.57,22.23,1,6,57.86,71.86,190,286,42
A5_Rodilla_Izquierda,2024-01-14,2179.8,20.23,1,9,54.3,65.54,209,246,43
A5_Rodilla_Izquierda,2024-01-15,2563.44,23.64,3,11,55.82,65.3,177,252,64
A5_Rodilla_Izquierda,2024-01-16,2578.78,21.34,1,8,56.5,68.5,161,258,48
A5_Rodilla_Izquierda,2024-01-17,2558.2,22.47,3,11,55.07,64.25,192,300,67
A5_Rodilla_Izquierda,2024-01-18,2849.38,27.11,0,8,58.49,67.03,177,212,39
A5_Rodilla_Izquierda,2024-01-19,2804.91,25.58,1,8,57.65,64.81,181,228,53
A5_Rodilla_Izquierda,2024-01-20,2664.01,22.8,1,6,56.66,64.19,178,210,46
A5_Rodilla_Izquierda,2024-01-21,2583.29,25.84,1,10,59.07,67.87,234,234,59
A5_Rodilla_Izquierda,2024-01-22,2834.71,25.74,1,7,53.8,62.06,135,242,46
A5_Rodilla_Izquierda,2024-01-23,2646.44,24.44,0,6,56.19,67.28,176,219,43
A5_Rodilla_Izquierda,2024-01-24,2502.71,23.15,1,6,56.79,65.01,184,244,38
A5_Rodilla_Izquierda,2024-01-25,2341.08,20.91,0,6,54.74,59.26,167,208,42
A5_Rodilla_Izquierda,2024-01-26,2570.56,22.64,1,5,56.68,65.2,204,236,38
A5_Rodilla_Izquierda,2024-01-27,2785.84,27.45,2,9,54.43,64.03,202,298,50
A5_Rodilla_Izquierda,2024-01-28,3059.78,28.82,0,5,57.3,66.65,183,276,33
A5_Rodilla_Izquierda,2024-01-29,2661.09,25.01,1,8,57.89,71.28,179,270,49
A5_Rodilla_Izquierda,2024-01-30,2512.24,23.41,3,9,56.64,65.97,182,236,56
A5_Rodilla_Izquierda,2024-01-31,2436.71,21.15,3,9,53.24,65.41,182,221,60
A5_Rodilla_Izquierda,2024-02-01,2749.35,26.27,1,6,54.65,65.12,183,233,37
A5_Rodilla_Izquierda,2024-02-02,2332.37,20.36,0,6,57.1,67.52,180,263,33
A5_Rodilla_Izquierda,2024-02-03,2749.06,25.27,3,12,56.23,65.15,190,289,72
A5_Rodilla_Izquierda,2024-02-04,2797.19,23.79,1,8,51.89,62.28,201,290,52
A5_Rodilla_Izquierda,2024-02-05,2728.53,22.76,2,9,58.19,67.23,157,282,52
A5_Rodilla_Izquierda,2024-02-06,2610.46,24.05,4,11,56.42,67.24,161,244,68
A5_Rodilla_Izquierda,2024-02-07,2751.69,24.21,1,8,54.89,64.94,146,265,52
A5_Rodilla_Izquierda,2024-02-08,2680.77,22.38,1,9,57.79,66.5,204,256,53
A5_Rodilla_Izquierda,2024-02-09,2509.94,23.36,2,8,55.12,67.5,190,259,53
A5_Rodilla_Izquierda,2024-02-10,2983.07,29.24,2,8,55.1,66.41,196,322,56
A5_Rodilla_Izquierda,2024-02-11,2586.7,24.9,0,4,56.77,66.42,153,215,32
A5_Rodilla_Izquierda,2024-02-12,2789.64,25.1,0,8,59.05,69.83,224,258,46
A5_Rodilla_Izquierda,2024-02-13,2214.65,20.14,2,11,58.8,69.14,171,298,61
A5_Rodilla_Izquierda,2024-02-14,2879.76,27.07,2,8,56.78,65.63,188,223,52
A5_Rodilla_Izquierda,2024-02-15,2914.38,27.62,0,4,56.94,67.57,203,246,33
A5_Rodilla_Izquierda,2024-02-16,2655.37,23.8,2,9,57.47,66.79,163,250,56
A5_Rodilla_Izquierda,2024-02-17,2750.58,25.04,1,6,54.19,62.89,172,258,44
A5_Rodilla_Izquierda,2024-02-18,2750.53,25.31,4,10,57.23,64.65,188,220,62
A5_Rodilla_Izquierda,2024-02-19,2534.3,23.59,2,9,55.03,64.84,247,281,58
A5_Rodilla_Izquierda,2024-02-20,2748.48,24.85,0,7,56.71,68.29,191,283,39
A5_Rodilla_Izquierda,2024-02-21,2504.45,22.65,1,7,55.84,65.02,220,279,45
A5_Rodilla_Izquierda,2024-02-22,2540.42,24.47,3,9,57.0,72.29,211,240,58
A5_Rodilla_Izquierda,2024-02-23,2852.85,27.14,1,8,56.39,68.57,193,267,50
A5_Rodilla_Izquierda,2024-02-24,2825.44,26.16,3,9,51.28,64.26,163,239,52
A5_Rodilla_Izquierda,2024-02-25,2522.85,24.65,0,5,56.49,68.5,208,255,40
A5_Rodilla_Izquierda,2024-02-26,2517.96,22.5,2,9,57.23,71.25,152,325,53
A5_Rodilla_Izquierda,2024-02-27,2533.79,24.66,0,7,56.91,65.92,220,267,47
A5_Rodilla_Izquierda,2024-02-28,2781.88,25.83,1,7,56.04,61.67,189,231,45
A5_Rodilla_Izquierda,2024-02-29,2470.0,25.73,0,5,58.83,68.48,126,270,37
A5_Rodilla_Izquierda,2024-03-01,2714.21,23.48,2,10,56.7,68.26,177,227,65
A5_Rodilla_Izquierda,2024-03-02,2784.43,24.62,2,5,56.9,67.69,199,231,43
A5_Rodilla_Izquierda,2024-03-03,2634.12,24.37,0,6,57.87,68.89,179,235,44
A5_Rodilla_Izquierda,2024-03-04,2831.81,26.14,1,7,56.78,69.79,200,252,46
A5_Rodilla_Izquierda,2024-03-05,2595.22,25.54,2,9,54.76,65.99,166,291,57
A5_Rodilla_Izquierda,2024-03-06,2611.51,23.07,0,7,52.3,64.32,156,281,43
A5_Rodilla_Izquierda,2024-03-07,2474.1,23.4,3,11,55.44,64.15,183,279,67
A5_Rodilla_Izquierda,2024-03-08,2833.09,26.92,3,9,57.42,65.84,185,234,57
A5_Rodilla_Izquierda,2024-03-09,2512.03,23.54,2,9,55.64,69.2,177,249,52
A5_Rodilla_Izquierda,2024-03-10,2712.96,23.7,2,9,57.48,68.17,212,272,53
A5_Rodilla_Izquierda,2024-03-11,2637.16,25.38,0,4,56.44,65.75,166,247,35
A5_Rodilla_Izquierda,2024-03-12,2460.5,23.6,2,11,58.26,67.58,191,257,60
A5_Rodilla_Izquierda,2024-03-13,2540.36,23.69,1,5,55.73,64.99,186,277,43
A5_Rodilla_Izquierda,2024-03-14,2898.92,26.56,0,7,56.95,66.1,150,255,47
A5_Rodilla_Izquierda,2024-03-15,2686.3,24.65,2,9,57.01,65.07,155,271,52
A5_Rodilla_Izquierda,2024-03-16,2468.35,22.36,2,9,58.6,66.25,185,309,53
A5_Rodilla_Izquierda,2024-03-17,2704.96,25.23,2,7,53.47,63.6,228,260,45
A5_Rodilla_Izquierda,2024-03-18,2623.7,23.88,1,8,55.47,64.84,197,298,56
A5_Rodilla_Izquierda,2024-03-19,3271.73,28.89,1,6,57.56,70.16,147,280,44
A5_Rodilla_Izquierda,2024-03-20,2701.32,23.51,3,10,58.67,69.73,116,223,63
A5_Rodilla_Izquierda,2024-03-21,2581.49,22.72,2,8,56.58,67.59,201,234,48
A5_Rodilla_Izquierda,2024-03-22,2905.61,26.64,2,7,55.73,64.82,182,241,50
A5_Rodilla_Izquierda,2024-03-23,2318.61,21.05,2,9,57.41,67.68,210,241,57
A5_Rodilla_Izquierda,2024-03-24,2666.98,24.46,2,10,57.59,68.78,165,262,57
A5_Rodilla_Izquierda,2024-03-25,3009.0,27.86,1,7,55.62,67.49,192,282,50
A5_Rodilla_Izquierda,2024-03-26,2629.08,23.27,2,9,56.73,67.05,203,300,63
A5_Rodilla_Izquierda,2024-03-27,2338.01,22.72,1,8,58.09,70.64,175,273,46
A5_Rodilla_Izquierda,2024-03-28,2578.73,23.18,1,7,59.22,69.74,175,252,43
A5_Rodilla_Izquierda,2024-03-29,2911.81,26.04,5,12,57.39,69.39,185,206,72
A5_Rodilla_Izquierda,2024-03-30,2717.69,25.19,3,9,56.27,65.84,196,266,64
A5_Rodilla_Izquierda,2024-03-31,2499.01,20.88,2,7,56.11,63.17,184,265,53
A5_Rodilla_Izquierda,2024-04-01,2526.66,22.18,2,9,57.09,68.1,206,270,55
A5_Rodilla_Izquierda,2024-04-02,2549.25,24.16,0,7,56.01,67.89,174,323,43
A5_Rodilla_Izquierda,2024-04-03,2715.02,22.94,1,6,56.5,68.1,155,299,41
A5_Rodilla_Izquierda,2024-04-04,2890.88,27.4,5,10,54.51,65.81,228,286,72
A5_Rodilla_Izquierda,2024-04-05,2839.44,27.32,1,8,58.28,68.11,171,238,48
A5_Rodilla_Izquierda,2024-04-06,2732.08,24.47,0,5,54.38,63.34,172,250,36
A5_Rodilla_Izquierda,2024-04-07,2410.3,22.2,3,10,55.51,67.06,183,262,64
A5_Rodilla_Izquierda,2024-04-08,2410.97,23.04,1,8,56.36,67.67,186,243,48
A5_Rodilla_Izquierda,2024-04-09,2745.99,24.5,1,6,59.39,68.82,176,279,43
A6_Tobillo_Izquierda,2024-01-01,1401.9,12.2,1,4,48.48,60.35,103,140,15
A6_Tobillo_Izquierda,2024-01-02,1543.16,13.59,0,3,47.41,57.61,63,139,19
A6_Tobillo_Izquierda,2024-01-03,1696.37,15.96,2,5,51.61,63.18,112,161,23
A6_Tobillo_Izquierda,2024-01-04,1505.39,12.97,1,1,47.15,56.45,108,162,16
A6_Tobillo_Izquierda,2024-01-05,1544.6,13.26,1,2,47.64,57.81,82,105,16
A6_Tobillo_Izquierda,2024-01-06,1364.03,13.6,0,2,49.71,60.52,91,136,14
A6_Tobillo_Izquierda,2024-01-07,1272.6,12.45,0,2,45.83,56.8,52,106,11
A6_Tobillo_Izquierda,2024-01-08,1517.72,14.4,0,2,50.84,62.28,87,124,16
A6_Tobillo_Izquierda,2024-01-09,1430.82,13.93,0,3,49.8,59.2,95,139,11
A6_Tobillo_Izquierda,2024-01-10,1143.93,8.42,1,4,50.24,58.19,98,34,27
A6_Tobillo_Izquierda,2024-01-11,1340.95,13.54,1,5,49.69,63.28,103,197,24
A6_Tobillo_Izquierda,2024-01-12,1385.08,12.98,0,4,48.54,63.77,100,145,14
A6_Tobillo_Izquierda,2024-01-13,1308.12,12.9,1,2,47.1,58.45,89,113,23
A6_Tobillo_Izquierda,2024-01-14,1666.71,15.54,0,2,48.58,56.56,101,183,13
A6_Tobillo_Izquierda,2024-01-15,1486.37,13.56,1,2,47.24,56.27,117,120,24
A6_Tobillo_Izquierda,2024-01-16,1647.17,14.7,0,0,49.58,61.05,92,133,12
A6_Tobillo_Izquierda,2024-01-17,1447.42,13.53,1,3,50.09,63.14,101,116,17
A6_Tobillo_Izquierda,2024-01-18,1414.65,12.55,2,6,51.16,59.36,90,176,32
A6_Tobillo_Izquierda,2024-01-19,1231.41,12.06,0,2,49.39,59.66,80,127,14
A6_Tobillo_Izquierda,2024-01-20,1402.15,11.16,0,4,50.28,61.15,106,134,24
A6_Tobillo_Izquierda,2024-01-21,1402.35,12.21,0,2,48.32,60.47,82,163,15
A6_Tobillo_Izquierda,2024-01-22,1153.92,12.54,0,5,48.03,57.88,103,146,23
A6_Tobillo_Izquierda,2024-01-23,1302.89,11.22,1,3,49.56,57.09,95,128,19
A6_Tobillo_Izquierda,2024-01-24,1341.81,11.96,1,3,48.18,59.86,88,161,20
A6_Tobillo_Izquierda,2024-01-25,1474.43,12.52,0,1,49.23,61.87,87,201,15
A6_Tobillo_Izquierda,2024-01-26,1483.04,13.82,0,3,47.1,57.45,83,138,16
A6_Tobillo_Izquierda,2024-01-27,1295.36,11.04,0,1,47.39,58.66,58,133,9
A6_Tobillo_Izquierda,2024-01-28,1484.4,13.31,1,2,49.82,59.42,103,134,15
A6_Tobillo_Izquierda,2024-01-29,1367.23,13.28,0,3,50.22,59.11,100,166,15
A6_Tobillo_Izquierda,2024-01-30,883.47,7.33,0,3,47.22,59.67,113,113,12
A6_Tobillo_Izquierda,2024-01-31,1312.75,12.72,0,3,49.87,61.11,83,122,14
A6_Tobillo_Izquierda,2024-02-01,1594.22,15.32,3,5,47.95,59.38,136,86,38
A6_Tobillo_Izquierda,2024-02-02,1097.27,11.03,0,2,48.83,62.18,86,96,13
A6_Tobillo_Izquierda,2024-02-03,1420.28,13.05,1,3,51.07,59.56,75,115,22
A6_Tobillo_Izquierda,2024-02-04,1685.35,18.56,1,4,50.09,59.54,73,128,14
A6_Tobillo_Izquierda,2024-02-05,1263.09,12.54,0,4,50.07,60.87,56,179,21
A6_Tobillo_Izquierda,2024-02-06,1400.39,13.06,1,4,51.85,61.28,128,145,22
A6_Tobillo_Izquierda,2024-02-07,1165.28,9.72,1,5,47.67,59.66,125,104,24
A6_Tobillo_Izquierda,2024-02-08,1692.9,15.29,0,3,47.22,57.37,108,109,17
A6_Tobillo_Izquierda,2024-02-09,1385.0,14.02,0,1,47.64,56.26,75,168,9
A6_Tobillo_Izquierda,2024-02-10,1408.39,14.51,0,3,48.39,59.02,134,161,9
A6_Tobillo_Izquierda,2024-02-11,1643.77,16.42,0,3,45.03,55.86,87,130,20
A6_Tobillo_Izquierda,2024-02-12,1519.07,14.59,0,4,48.47,60.74,89,117,20
A6_Tobillo_Izquierda,2024-02-13,1242.39,10.04,0,3,47.93,59.18,126,161,15
A6_Tobillo_Izquierda,2024-02-14,1283.49,12.16,1,3,50.05,61.43,109,102,17
A6_Tobillo_Izquierda,2024-02-15,1489.09,12.3,0,2,49.36,60.47,143,140,9
A6_Tobillo_Izquierda,2024-02-16,1287.66,10.22,0,2,47.84,57.98,100,193,14
A6_Tobillo_Izquierda,2024-02-17,1018.9,9.5,1,5,49.74,58.88,86,135,31
A6_Tobillo_Izquierda,2024-02-18,1390.42,13.16,0,2,49.96,61.01,81,108,14
A6_Tobillo_Izquierda,2024-02-19,1133.56,11.21,0,2,47.57,57.44,54,141,9
A6_Tobillo_Izquierda,2024-02-20,1690.93,15.87,0,2,48.01,61.72,88,116,14
A6_Tobillo_Izquierda,2024-02-21,1431.82,13.55,0,1,45.24,58.29,120,90,11
A6_Tobillo_Izquierda,2024-02-22,1237.07,10.26,0,1,47.05,58.76,108,149,14
A6_Tobillo_Izquierda,2024-02-23,1274.25,11.48,1,3,47.61,58.83,95,161,22
A6_Tobillo_Izquierda,2024-02-24,1059.91,8.13,0,4,48.92,59.25,73,121,9
A6_Tobillo_Izquierda,2024-02-25,1202.1,8.92,0,1,47.29,55.39,99,119,13
A6_Tobillo_Izquierda,2024-02-26,1582.94,15.13,0,2,47.98,58.07,117,103,10
A6_Tobillo_Izquierda,2024-02-27,1801.72,15.63,0,1,46.84,57.53,104,125,6
A6_Tobillo_Izquierda,2024-02-28,1530.75,14.79,0,3,49.07,60.01,98,114,16
A6_Tobillo_Izquierda,2024-02-29,1383.43,13.69,0,4,49.48,60.87,77,101,21
A6_Tobillo_Izquierda,2024-03-01,1322.25,11.4,1,5,49.44,61.69,114,182,20
A6_Tobillo_Izquierda,2024-03-02,1227.83,11.75,1,3,48.82,58.0,26,143,22
A6_Tobillo_Izquierda,2024-03-03,1770.76,15.44,0,2,46.33,55.54,103,146,16
A6_Tobillo_Izquierda,2024-03-04,1366.03,10.57,2,4,47.81,61.06,151,154,27
A6_Tobillo_Izquierda,2024-03-05,1780.81,16.31,1,4,48.15,60.11,61,151,20
A6_Tobillo_Izquierda,2024-03-06,1650.83,14.54,0,2,48.15,57.91,89,118,10
A6_Tobillo_Izquierda,2024-03-07,1086.66,9.44,1,3,48.92,59.22,94,137,23
A6_Tobillo_Izquierda,2024-03-08,1280.13,13.61,0,2,51.08,61.39,84,122,8
A6_Tobillo_Izquierda,2024-03-09,1279.57,10.11,0,2,50.1,60.66,117,142,17
A6_Tobillo_Izquierda,2024-03-10,1385.63,12.98,0,1,47.22,58.62,105,139,10
A6_Tobillo_Izquierda,2024-03-11,1389.14,11.63,0,2,49.89,65.2,98,119,13
A6_Tobillo_Izquierda,2024-03-12,1939.32,18.54,1,5,49.82,60.69,112,92,20
A6_Tobillo_Izquierda,2024-03-13,1206.1,11.26,0,5,47.51,59.27,95,134,22
A6_Tobillo_Izquierda,2024-03-14,1441.21,13.48,0,0,50.16,57.45,164,124,10
A6_Tobillo_Izquierda,2024-03-15,1510.97,12.79,0,0,48.54,58.12,98,77,3
A6_Tobillo_Izquierda,2024-03-16,1399.72,11.96,0,1,46.54,59.38,99,144,12
A6_Tobillo_Izquierda,2024-03-17,1419.83,13.83,1,3,49.53,60.79,57,157,20
A6_Tobillo_Izquierda,2024-03-18,1211.93,12.79,1,3,49.15,51.31,83,200,18
A6_Tobillo_Izquierda,2024-03-19,1419.17,13.38,0,3,48.44,60.22,120,119,19
A6_Tobillo_Izquierda,2024-03-20,1492.05,12.67,0,2,48.74,62.88,65,114,6
A6_Tobillo_Izquierda,2024-03-21,1458.97,13.6,0,2,47.65,54.36,47,98,15
A6_Tobillo_Izquierda,2024-03-22,1502.64,16.09,0,1,49.78,63.16,95,135,16
A6_Tobillo_Izquierda,2024-03-23,1654.27,15.14,1,2,48.73,53.96,125,135,22
A6_Tobillo_Izquierda,2024-03-24,1568.65,15.72,0,2,49.07,61.35,95,107,15
A6_Tobillo_Izquierda,2024-03-25,1412.83,12.1,0,0,49.37,59.85,87,125,7
A6_Tobillo_Izquierda,2024-03-26,1189.08,10.77,1,1,46.95,52.99,54,74,12
A6_Tobillo_Izquierda,2024-03-27,1292.0,12.37,1,1,47.37,58.72,104,155,13
A6_Tobillo_Izquierda,2024-03-28,1360.47,12.77,0,3,45.26,57.95,109,108,18
A6_Tobillo_Izquierda,2024-03-29,1445.42,12.37,0,2,49.7,60.89,55,129,11
A6_Tobillo_Izquierda,2024-03-30,1313.9,11.14,1,3,46.86,58.47,119,90,23
A6_Tobillo_Izquierda,2024-03-31,1231.57,12.18,1,1,49.01,58.73,111,113,22
A6_Tobillo_Izquierda,2024-04-01,1186.12,11.97,0,0,49.39,56.36,119,122,8
A6_Tobillo_Izquierda,2024-04-02,1102.79,11.54,1,4,49.76,61.58,107,129,18
A6_Tobillo_Izquierda,2024-04-03,1357.71,14.15,0,0,46.87,60.7,109,143,3
A6_Tobillo_Izquierda,2024-04-04,1135.46,10.46,0,3,48.7,61.34,106,170,19
A6_Tobillo_Izquierda,2024-04-05,1219.91,10.78,1,1,51.47,58.2,114,150,14
A6_Tobillo_Izquierda,2024-04-06,1329.1,13.43,0,3,51.54,59.16,54,156,19
A6_Tobillo_Izquierda,2024-04-07,1159.53,11.25,2,3,50.38,59.27,61,170,22
A6_Tobillo_Izquierda,2024-04-08,1468.36,12.37,1,4,49.34,56.81,78,145,26
A6_Tobillo_Izquierda,2024-04-09,1533.24,12.9,0,5,47.19,57.78,92,128,21
